,,,,
,,,,
,,,,
,,,,
,,,,
,,,,
,Tarifa   VICONOL -  EXWORK  ,,,
,,,,
,,,,
,ENTRADA EN VIGOR DE LA TARIFA,,,
,24 de Mayo 2025,,,
,,,,
,,,,
,VEHÍCULOS   LIGEROS,,,
,,,,
,NOMBRE DEL PRODUCTO,ESPECIFICACIONES / NIVEL DE CALIDAD,REFERENCIA,FORMATO
,,0W8 / 0W12 / 0W16,,
,,,VL200114,1000
,VICONOL- 0W8  ,API: SN             JASO GLV-1       ,VL200115,200
, HIBRI  PLUS,ILSAC  GF-6A,VL200116,50
,NEW    CON PAO,HONDA    TOYOTA      NISSAN,VL200117,20
,,,VL200112,5
,,,,
,,,VL200118,1000
,VICONOL- 0W12  ,API: SN             JASO GLV-1       ,VL200119,200
,HIBRI  PLUS,ILSAC  GF-6A,VL200120,50
,NEW    CON PAO,HONDA    TOYOTA      NISSAN,VL200121,20
,,,VL200122,5
,,,,
,,,VL200347,1000
,VICONOL- 0W16   ,API: SN             JASO GLV-1       ,VL200348,200
,HIBRI  PLUS,ILSAC  GF-6B,VL200349,50
,NEW    CON PAO,HONDA    TOYOTA      NISSAN,VL200350,20
,,,VL200353,5
,,,VL200545,1
,,,,
,,0W20,REFERENCIA,FORMATO
,,ACEA C6         ACEA C5       ,,
,,API: SN Plus-RC      API: SP/RC       ILSAC: GF-6A        ILSAC: GF-5   ,VL200304,1000
,VICONOL- 0W20  ,BMW LL-17 FE+        BMW LL-14 FE+,VL200305,200
,SAVING C6-C5,"Ford WSS-M2C947-A, WSS-M2C947-B1,  WSS-M2C952-A1, WSS-M2C962-A1   ",VL200306,50
,,"FIAT 9.55535-GSX (Fiat, alfa Romeo y Lancia)",VL200307,20
,,CHRYSLER MS-12145          MB 229.72     MB 229.71,VL200308,5
,, Vauxhall/GM OPEL: OV0401547  GM DEXOS D     VOLVO VCC RBS0-2AE,VL200309,1
,,,,
,,,,
,,,VL200650,1000
,VICONOL- 0W20   ,ACEA C5       ,VL200651,200
,17FE-RNT,Renault RN17FE,VL200652,50
,NEW,,VL200653,20
,,,VL200654,5
,,,,
,,,VL200048,1000
,VICONOL- 0W20   ,API: SN Plus-RC           Dexos1 Gen 2          ILSAC GF-6A,VL200049,200
,GM Dx1 - Gn2,CHRYSLER MS 6395        CHRYSLER MS-12145,VL200050,50
,, FIAT 9.55535-CR1 FIAT 9.55535-GSX        FORD WSSM2C947-A,VL200051,20
,,,VL200052,5
,,,,
,,,VL200030,1000
,VICONOL-  0W20  HIBRI C5 - P2010,ACEA C5        ,VL200031,200
,, PSA Peugeot/Citröen B71 2010,VL200032,50
,, FIAT 9.55535-DM1,VL200033,20
,,"TOYOTA,  MITSUBISHI,  SUZUKI, HONDA",VL200302,5
,,,VL200380,1
,,,,
,,ACEA C5 ,VL200000,1000
,VICONOL- ULTRA 508.509 C5 0W20, VW 508.00/509.00            ,VL200001,200
,,API SN         MB 229.71,VL200002,50
,,Porsche C20         Jaguar / Land Rover STJLR.51.5122,VL200003,20
,,,VL200228,5
,,,,
,,0W30,REFERENCIA,FORMATO
,,ACEA C2                  API:SN        ,VL200087,1000
,VICONOL-  0W30 , FORD WSS-M2C950-A,VL200088,200
, C2   -   950A,JAGUAR  & LAND ROVERST JLR.03.5007,VL200089,50
,,"Mazda, Toyota, Honda y Subaru",VL200090,20
,,,VL200227,5
,, ACEA C2            IVECO 18-1811  SC1  LV,VL200644,1000
,VICONOL-  0W30 , PSA B71 2312-2022     ,VL200645,200
, C2   -   PS2312-IVC1811, PSA B71 2290-2014   ,VL200646,50
,NEW    CON PAO, FIAT 9.55535-DS1,VL200647,20
,, FIAT 9.55535-GS1    ,VL200648,5
,,,,
,,ACEA C2                         ,VL200034,1000
,VICONOL-  0W30  , PSA B71 2312,VL200035,200
,C2   -   P2312,JAGUAR  & LAND ROVERST JLR.03.5007,VL200036,50
,,CHRYSLER MS-13340 / MS-90047       ,VL200037,20
,," Fiat 9,55535-GS1/DS1",VL200038,5
,,,VL200514,1
,,,,
,VICONOL-  0W30  ,ACEA C2      ,VL200315,1000
,C2   -   BM12, BMW Long Life-12 FE            ,VL200316,200
,, JAGUAR LAND ROVER STJLR.03.5007,VL200317,50
,,,VL200318,20
,,,,
,, ACEA C3           API:SN/CF            ,VL200004,1000
,, VW 504.00/507.00            ,VL200005,200
,VICONOL- ULTRA C3 0W30 504/7, BMW Long Life-04         Porsche C30   ,VL200006,50
,,MB 229.52       MB 229.51      MB 229.31 ,VL200007,20
,,FIAT 9.55535-GS1        FIAT 9.55535-DS1 ,VL200008,5
,,,,
,, VW 503.00 / 506.00 / 506.01         ,VL200009,1000
,VICONOL-  0W30  A5/B5 - W506,ACEA A5 A5 / B5,VL200010,200
,,BMW LL-01CFE,VL200011,50
,,,VL200012,20
,,,VL200044,5
,,,,
,VICONOL-  0W30  ,API : SP,VL200320,1000
,GF-6A,ILSAC  GF-6A,VL200321,200
,,,VL200322,50
,,,VL200323,20
,,,VL200324,5
,,,,
,,0W40,REFERENCIA,FORMATO
,,,VL200146,1000
,VICONOL-  0W40 ,"ACEA C3,            API SN/CF",VL200147,200
, C3 ,"VW 502.00 / 505.00 / 505.01,            MB  229.51",VL200148,50
,,"  BMW Long Life-04,         Porsche A40",VL200149,20
,,,VL200352,5
,,,,
,,,VL200151,1000
,VICONOL-  0W40  ,"ACEA A3/B4,        API SN/CF,        FORD WSS-M2C-937-A",VL200152,200
,A3/B4,"VW 502.00 / 505.00,             Reanult RN0700-RN0710",VL200153,50
,,"BMW Long Life-01,        MB  229.5,        Porsche A40",VL200154,20
,,,VL200165,5
,,,,
,,5W20,REFERENCIA,FORMATO
,,,VL200091,1000
,,ACEA C5            ACEA A1/B1          API: SN   ,VL200092,200
,VICONOL- 5W20  , FORD WSS-M2C948-B    FORD WSS-M2C925-A  FORD WSS-M2C925-B,VL200093,50
,C5   -   F948B,CHRYSLER MS 6395 FIAT 9.55535-CR1 ,VL200094,20
,,JAGUAR  & LAND ROVERST JLR.03.5004,VL200095,5
,, ILSAC GF-6A        ILSAC GF-5,VL200657,1000
,,API:SP/RC       API: SN/RC        API: SP    SN Plus,VL200658,200
,VICONOL- 5W20  ,"FORD WSS-M2C945-A,  WSS-M2C946-A,  WSS-M2C947-A,  WSS-M2C962-A ",VL200659,50
,  SP - G6A,CHRYSLER MS 6395                     FIAT 9.55535-CR1,VL200660,20
,,GM dexos1™ Gen 2,VL200661,5
,,,,
,,,,
,,5W30  LOW SAPS,REFERENCIA,FORMATO
,,ACEA C3       ACEA C2            Stellantis FPW 9.55535/03,VL200106,1000
,,API SP            BMW Long Life-04        BMW Long Life-19 FE,VL200107,200
,, Chysler  MS-1106         MB 229.31      MB 229.51      MB 229.52    ,VL200108,50
,VICONOL- C2/C3 547 5W30,GM Opel dexos 2       PSA  B71 2290          Porsche C30   ,VL200109,20
,STELL-FPW03,Opel/Vauxhall OV0401547-D30      Opel/Vauxhall OV0401547-G30,VL200110,5
,,"VAG  VW 501.01, VW 502.00, VW 503.00, VW 503.01, VW 504.00",VL200111,1
,,"VAG  VW 505.00, VW 505.01, VW 506.00, VW 506.01, VW 507.00",,
,,ACEA C2/C3                 VW 504.00/507.00,VL200013,1000
,,API SN/CF           MB 229.31      MB 229.51      MB 229.52    ,VL200014,200
,,GM Opel dexos 2        BMW Long Life-04,VL200015,50
,VICONOL- C2/C3 547 5W30,PSA  B71 2290          Porsche C30   ,VL200016,20
,,"Fiat 9.55535-DS1,    Fiat 9.55535-GS1",VL200017,5
,,,VL200018,1
,,,,
,,ACEA C3                        VW 504.00/507.00,VL200019,1000
,,API SN/CF           MB 229.31      MB 229.51      MB 229.52    ,VL200020,200
,VICONOL- C3 5W30 504/7,GM Opel dexos 2        BMW Long Life-04,VL200021,50
,,"Fiat 9.55535-DS1,    Fiat 9.55535-GS1",VL200022,20
,,Porsche C30   ,VL200023,5
,,,,
,,ACEA C2            ACEA C3 ,VL200058,1000
,,GM Opel dexos 2,VL200059,200
,VICONOL- 5W30 ,PSA B71 2290          BMW Long Life-04,VL200060,50
, OPSA - C2/C3,API SN/CF            MB 229.52   ,VL200061,20
,,"Fiat 9.55535-S1,    Fiat 9.55535-S2",VL200062,5
,, VW 502.00/505.00/505.01,VL200325,1
,,,,
,,,,
,,ACEA C3             ,VL200053,1000
,, GM Opel dexos 2,VL200054,200
,VICONOL- 5W30 ,API SN/CF    MB 229.31      MB 229.51      MB 229.52   ,VL200055,50
, OPL - C3  Dex2, BMW Long Life-04,VL200056,20
,, VW 502.00/505.00/505.01,VL200057,5
,,,VL200400,1
,,,,
,, GM Opel dexos1 Gen 2                API SN PLUS  API: SN/RC ,VL200326,1000
,VICONOL- 5W30 ,ILSAC GF-5     CHYSLER MS 6395       FIAT: 9.55535-CR1,VL200327,200
,GM Dx1 - Gn2,"FORD M2C 929A, M2C 945A, M2C 946A, M2C 947A           ",VL200328,50
,,"ACURA, CHRYSLER, DODGE, FORD, GENESIS, HONDA, HYUNDA",VL200329,20
,,"INFINITI, KIA, LEXUS, MAZDA, MITSUBISHI, NISSAN, SUBARU, TOYOTA",VL200330,5
,, GM Opel dexos1 Gen 3 ,,
,,API SP-RC      API: SN-RC ,VL200064,1000
,VICONOL- 5W30 ,ILSAC GF-6A         FIAT: 9.55535-CR1,VL200401,200
,GM Dx1 - Gn3,FORD M2C 961-A1      CHYSLER MS 6395   ,VL200402,50
,,"ACURA, CHRYSLER, DODGE, FORD, GENESIS, HONDA, HYUNDA",VL200403,20
,,"INFINITI, KIA, LEXUS, MAZDA, MITSUBISHI, NISSAN, SUBARU, TOYOTA",VL200404,5
,,,VL200405,1
,,,,
,,ACEA C2         ,VL200039,1000
,, PSA B71 2290 ,VL200040,200
,VICONOL- C2 5W30  ,API SN/CF         ,VL200041,50
,PSA,BMW Long Life-04    ,VL200042,20
,,Fiat  9.55535-S1,VL200043,5
,,,,
,,,,
,,ACEA C2/C3            API: SN         RENAULT RN17 FE,VL200331,1000
,VICONOL- 5W30 ,FORD WS-S M2C 917-A        BMW  LL-04     VW 505.00/VW 505.01,VL200332,200
, MULTI    C2/C3 - R17,"FIAT: 9.55535-S1, FIAT: 9.55535-S3       IVECO: 18-1811 Classe SC1",VL200333,50
,,"MB 229.31, MB 229.51, MB 229.52      HYUNDAI    KIA",VL200334,20
,," GM Opel OV0401547, dexos 2, GM LL-B-A-025, GM-LL-B-025    ",VL200335,5
,,,,
,,ACEA C4         ACEA C3   ,VL200073,1000
,VICONOL-  C43 5W30  ,MB 226.51/MB 229.51,VL200074,200
, R720,RENAULT RN0720,VL200075,50
,,,VL200076,20
,,,VL200077,5
,,,,
,,,VL200078,1000
,,ACEA C4        ,VL200079,200
,VICONOL- C4 5W30 , RENAULT RN0720,VL200080,50
,R720,,VL200081,20
,,,VL200082,5
,,,,
,,,,
,,,VL200096,1000
,,ACEA C1,VL200097,200
,VICONOL- 5W30 , Ford VWSS - M2C 934A    ,VL200098,50
, C1 - FD,  JASO DL-1,VL200099,20
,,,VL200100,5
,,,,
,,,,
,,ACEA C3             ,VL200053,1000
,, GM Opel dexos 2,VL200054,200
,VICONOL- 5W30 ,API SN/CF    MB 229.31      MB 229.51      MB 229.52   ,VL200055,50
, OPL - C3  Dex2, BMW Long Life-04,VL200056,20
,, VW 502.00/505.00/505.01,VL200057,5
,,,VL200400,1
,,,,
,,,,
,,5W30  HIGH SAPS,,
,,,VL200127,1000
,VICONOL- 5W30   ,API: SP-RC   ,VL200128,200
,HY/SP-RC, ILSAC GF-6A,VL200129,50
, Enchufables (PHEV) y no enchufables (HEV),(Grupo TOYOTA),VL200130,20
,Para motores de gasolina y electricos ,,VL200131,5
,,,,
,,ACEA A5/B5,VL200101,1000
,, FORD WS-S M2C 913-D,VL200102,200
,VICONOL-  M2C 5W30  ,API SL/CF         ,VL200103,50
, A5 B5 ,RENAULT RN0700,VL200104,20
,,JAGUAR  & LAND ROVERST JLR.03.5003,VL200105,5
,,,,
,, ACEA A3/B4,VL200132,1000
,,MB 229.5                          VW 502.00/505.00,VL200133,200
,VICONOL- A34B PLUS 5W30,API SL/CF                         OPEL GM-LL-B-025,VL200134,50
,,RENAULT RN0700/RN0710,VL200135,20
,,BMW Long Life-01,VL200136,5
,,,,
,,,VL200664,1000
,VICONOL-  5W30  EXPORT,API CD/SF                      ,VL200665,200
,,,VL200666,50
,,,VL200667,20
,,,VL200668,5
,,,,
,,5W40,REFERENCIA,FORMATO
,,ACEA C3              VW 502.00/505.00/505.01,VL200024,1000
,,API SN/CF           MB 229.52      ,VL200025,200
,VICONOL- C3 501 5W40,BMW Long Life-04     CHRYSLER MS-12991,VL200026,50
,,RENAULT RN0710-RN 0700,VL200027,20
,,Porsche A40         FORD WSS-M2C917-A,VL200028,5
,,"Fiat 9.55535-GH2, 9.55535-S2, 9.55535-T2",VL200029,1
,,,,
,,ACEA A3/B4,VL200137,1000
,,MB 229.5                          VW 502.00/505.00,VL200138,200
,VICONOL- A34B PLUS 5W40,API SN/CF                         OPEL GM-LL-B-025,VL200139,50
,,RENAULT RN0700/RN0710,VL200140,20
,,Porsche A40              Fiat  9.55535-M2,VL200141,5
,,,,
,,,VL200670,1000
,VICONOL-  5W40  EXPORT,API CD/SF                      ,VL200671,200
,,,VL200672,50
,,,VL200673,20
,,,VL200674,5
,,,,
,,5W50,REFERENCIA,FORMATO
,,ACEA A3/B3/B4           ,VL200142,1000
,VICONOL-  5W50  ," API:  SN,SM,SL,SJ/CF    ",VL200143,200
,A3/B4,MB 229.1   -   MB 229.3,VL200144,50
,,,VL200145,20
,,,VL200150,5
,,,,
,,10W40 ,REFERENCIA,FORMATO
,,,VL200159,1000
,, ACEA A3/B3/B4,VL200160,200
,VICONOL- A34B  10W40,API SN/CF                    ,VL200161,50
,,MB 229.1                ,VL200162,20
,,VW 501.01/505.00,VL200163,5
,,,VL200164,1
,,,,
,, ACEA A3/B3/B4,VL200680,1000
,VICONOL- A34B  10W30,API SN/CF                    ,VL200681,200
,,MB 229.1                ,VL200682,50
,,VW 501.01/505.00,VL200683,20
,,,VL200684,5
,,,,
,,,,
,,10W50 ,REFERENCIA,FORMATO
,,Recomentado para Fiat Abarth,VL200236,1000
,, ACEA A3/B3/B4,VL200237,200
,VICONOL- A34B  10W50,API SN/CF                    ,VL200238,50
,,MB 229.5               ,VL200239,20
,,,VL200240,5
,,,,
,,,,
,,15W40,REFERENCIA,FORMATO
,,,VL200174,1000
,, ACEA A3/B4,VL200175,200
,VICONOL- A34B 15W40,MB 229.1                ,VL200176,50
,,API SL/CF                    ,VL200177,20
,,VW 501.01/505.00,VL200178,5
,,,VL200344,1
,,,,
,NEW,,VL200365,1000
,,API: SF/CD,VL200366,200
,VICONOL-  15W40  EXPORT,MB 226.1,VL200367,50
,,MIL L-46152 B ,VL200368,20
,,,VL200369,5
,,,,
,,15W50         GLP - GNC - GNV,REFERENCIA,FORMATO
,,,,
,VICONOL- 15W50 ,"API: SN/CF,           AUTOGAS (GLP)        ",VL200155,1000
, MULTIGAS,GAS NATURAL (GNC-GNV),VL200156,200
,,,VL200157,50
,,,VL200158,20
,,,,
,,20W50  /  25W60,REFERENCIA,FORMATO
,,ACEA A3/B4,VL200183,1000
,,MB 229.1                ,VL200184,200
,VICONOL- A34B 20W50,API SL/CF                    ,VL200185,50
,,VW 501.01/505.00,VL200186,20
,,,VL200187,5
,,,VL200345,1
,,,,
,,,VL200375,1000
,NEW,API: CF-4,VL200376,200
,VICONOL- 25W60,API: SG,VL200377,50
,VISCO  PLUS,MIL L-46152 B ,VL200378,20
,(Verde),,VL200379,5
,,,VL200380,1
,,,,
,,,,
,,,,
,,PREMIUM - ENGRASE GENERAL ADITIVADO,REFERENCIA,FORMATO
,,,VL200207,1000
,VICONOL-  SAE 10  ,ACEITE DE ENGRASE GENERAL ADITIVADO,VL200208,200
,PREMIUM ,API:  CC / SD               DIN 51524 Part 2 VLP,VL200209,50
,,,VL200210,20
,,,VL200211,5
,,,,
,,,VL200212,1000
,VICONOL-  SAE 20  ,ACEITE DE ENGRASE GENERAL ADITIVADO,VL200213,200
,PREMIUM ,API:  CC / SD               DIN 51524 Part 2 VLP,VL200214,50
,,,VL200215,20
,,,VL200216,5
,,,,
,,,VL200217,1000
,VICONOL-  SAE 30  ,ACEITE DE ENGRASE GENERAL ADITIVADO,VL200218,200
,PREMIUM ,API:  CC / SD               DIN 51524 Part 2 VLP,VL200219,50
,,,VL200220,20
,,,VL200221,5
,,,,
,,,VL200222,1000
,VICONOL-  SAE 40  ,ACEITE DE ENGRASE GENERAL ADITIVADO,VL200223,200
,PREMIUM ,API:  CC / SD               DIN 51524 Part 2 VLP,VL200224,50
,,,VL200225,20
,,,VL200226,5
,,,,
,,LIQUIDO DE FRENOS  DOT-4,REFERENCIA,FORMATO
,,,,
,VICONOL -  DOT -4,ABS,VL200202,200
,Liquido de frenos,ISO 4925 - UNE 26-109-88,VL200203,50
,,,VL200201,20
,,,VL200530,"0,5"
,,,,
,,LIMPIADOR DE FRENOS,REFERENCIA,FORMATO
,,,,
,VICONOL -  LIMFREN,Limpiador de frenos y todo tipo de componentes mecánicos,,
,Limpiador de frenos,"Abrazaderas, Cadena, Frenos de disco y tambor, Pastillas de freno",VL200200,20
,,"Piezas aceitosas o sucias, Juntas, Embragues",,
,,,,
,,,,
,,SEPIOLITA,REFERENCIA,FORMATO
,,,,
,VICONOL -  ABSOVLITA,  SEPIOLITA  ABSORBENTE  DE  ALTA  CALIDAD,VL200206,20
,(Sustituto ecologico del serrin),,,
,,,,
,,,,
,,AFLOJATODO,REFERENCIA,FORMATO
,,,,
,VICONOL -  DESBLOCK,  Aflojatodo   Antioxidante  Protector,VL805000,1000
,(Desblocante multifuncional),,VL805001,200
,,,VL805002,50
,,,VL805003,20
,,,,
,,DESENGRASANTE GENERAL,REFERENCIA,FORMATO
,Desengrasante limpiador ,,,
,de carrocerias en general,,,
,VICONOL -  DESGRAS  POWER G,"Limpieza de carrocerías en general, tractores,etc.",VL805013,20
,,,,
,,,,
,,,,
,VICONOL -  DESGRAS  ACIDO AL,Desengrasante ácido especial aluminio,VL805020,20
,,,,
,,,,
,,,,
,VICONOL -  DESGRAS  PETROLEADOR MIX, Petroleante concentrado miscible en agua en la proporcion 1-4,VL805030,20
,,,,
,,,,
,,,,
,CREMA LAVAMANOS,CREMA LAVAMANOS,VL200508,4
,VICONOL -  HANDWASH CREAM,,,
,Especial mecanicos,,,
,,,,
,,,,
,,ADITIVOS,,
,,,,
,VICONOL-   ADDITIV PRE - ITV,(Cajas de 12 unidades x 250 c.c.),VL200500,"0,25"
,DIESEL,(Cajas de 6 unidades x 1L ),VL200560,1
,,,,
,,,,
,,,,
,VICONOL-   ADDITIV PRE - ITV,(Cajas de 12 unidades x 250 c.c.),VL200501,"0,25"
,GASOLINA,,,
,,,,
,,,,
,,,,
,VICONOL-   ADDITIV CLEAN INJECTORS,(Cajas de 12 unidades x 250 c.c.),VL200502,"0,25"
,DIESEL,(Cajas de 6 unidades x 1L ),VL200561,1
,,,,
,,,,
,,,,
,VICONOL-   ADDITIV CLEAN INJECTORS,(Cajas de 12 unidades x 250 c.c.),VL200503,"0,25"
,GASOLINA,,VL200542,1
,,,,
,,,,
,,,,
,VICONOL-   ADDITIV ANTI-FRICCION,(Cajas de 12 unidades x 250 c.c.),VL200504,"0,25"
,FULL SYNTHETIC,(Cajas de 6 unidades x 1L ),VL200531,1
,,,,
,,,,
,,,,
,VICONOL-   ADDITIV ANTI-CRISTALIZADOR,(Cajas de 12 unidades x 250 c.c.),VL200505,"0,25"
,para  AdBlue,(Cajas de 6 unidades x 1L ),VL200562,1
,,,,
,,,,
,,,,
,VICONOL-   TMF PLUS ,(Cajas de 12 unidades x 250 c.c.),VL200532,"0,25"
,Antifriccion transmisiones Manuales,(Cajas de 6 unidades x 1L ),VL200533,1
,,,,
,,,,
,,,,
,VICONOL-   ADDITIV ANTI-FUGAS,,VL200506,"0,25"
,para  Radiadores,(Cajas de 12 unidades x 250 c.c.),VL200544,1
,,,,
,,,,
,SPRAY,"Desplazante de agua, Antioxidante, Antiherrumbre",,
,VICONOL -   LUBRICANTE ,"Protector, Desblocante,Extrema Presion",VL200507,"0,400"
,ALTO RENDIMIENTO,(Cajas de 12 unidades x 400 ml),,
,,,,
,,,,
,SPRAY,"Desplazante de agua, Antioxidante, Antiherrumbre",,
,VICONOL-   DESBLOCANTE,"Protector, Desblocante,Extrema Presion",VL200510,"0,400"
,W50,(Cajas de 12 unidades x 400 ml),,
,,,,
,,,,
,,,,
,VICONOL-  LIMOTOR - IN,Limpiador de motores Interno,VL200511,"0,25"
,Limpiador de motores Interno,Emulsionable  SINTÉTICO,VL200538,1
,Reforzado E.P.,,,
,,,,
,,,,
,,,,
,VICONOL- BULOR,SPRAY Neutralizador y destructor de olores,VL200535,"0,20"
,Neutralizador y Destructor de Olores,,,
,,,,
,,,,
,,,,
,VEHÍCULOS   PESADO,,,
,,E7 THPD - SIN FILTRO DE PARTICULAS - HIGH SAPS,REFERENCIA,FORMATO
,,ACEA E7           ACEA E5                        ,VL210000,1000
,,"API:  CI-4, CH-4/SL         CAT ECF-2/ECF-1-a",VL210001,200
,VICONOL-  15W40  ,MB 228.3       MAN 3275-1     VOLVO VDS-3,VL210002,50
,Truck E7  - THPD,RENAULT VLD-2/VLD     MACK EO-N    DETROIT DIESEL DDC 93K215 ,VL210003,20
,,DEUTZ DQC II-10     CUMMINS 20076/77/78,VL210004,5
,,,VL210077,1
,,,,
,,ACEA E7           ACEA E5                        ,VL210130,1000
,,"API:  CI-4, CH-4/SL         CAT ECF-2/ECF-1-a",VL210131,200
,VICONOL-  15W50  ,MB 228.3       MAN 3275-1     VOLVO VDS-3,VL210132,50
,Truck E7  - THPD,RENAULT VLD-2/VLD     MACK EO-N    DETROIT DIESEL DDC 93K215 ,VL210133,20
,,DEUTZ DQC II-10     CUMMINS 20076/77/78,,
,,ACEA E7           ACEA E5                        ,VL210009,1000
,VICONOL-  10W40  ,"API:  CI-4, CH-4/SL         CAT ECF-2/ECF-1-a",VL210010,200
,Truck E7  - THPD,MB 228.3       MAN 3275-1     VOLVO VDS-3,VL210011,50
,,RENAULT VLD-2/VLD     MACK EO-N    DETROIT DIESEL DDC 93K215 ,VL210012,20
,,DEUTZ DQC II-10     CUMMINS 20076/77/78,,
,,ACEA E7           ACEA E5                        ,VL210134,1000
,,"API:  CI-4, CH-4/SL         CAT ECF-2/ECF-1-a",VL210135,200
,VICONOL-  10W30  ,MB 228.3       MAN 3275-1     VOLVO VDS-3,VL210136,50
,Truck E7  - THPD,RENAULT VLD-2/VLD     MACK EO-N    DETROIT DIESEL DDC 93K215 ,VL210137,20
,,DEUTZ DQC II-10     CUMMINS 20076/77/78,,
,,ACEA E7           ACEA E5                        ,,
,,"API:  CI-4, CH-4/SL         CAT ECF-2/ECF-1-a",VL210005,1000
,VICONOL-  20W50 ,MB 228.3       MAN 3275-1     VOLVO VDS-3,VL210006,200
, Truck E7 - THPD,RENAULT VLD-2/VLD          MACK EO-N,VL210007,50
,,DEUTZ DQC II-10     CUMMINS 20076/77/78,VL210008,20
,,ACEA E7           ACEA E5                        ,,
,,"API:  CI-4, CH-4/SL         CAT ECF-2/ECF-1-a",VL210138,1000
,VICONOL-  25W60 ,MB 228.3       MAN 3275-1     VOLVO VDS-3,VL210139,200
, Truck E7 - THPD,RENAULT VLD-2/VLD          MACK EO-N,VL210140,50
,,DEUTZ DQC II-10     CUMMINS 20076/77/78,VL210141,20
,,,,
,,E7/E11(E9) - CON FILTRO DE PARTICULAS - LOW SAPS,REFERENCIA,FORMATO
,,ACEA E11(E9)           ACEA E7                        ,,
,VICONOL-  15W40   ,"API: CK-4, CJ-4, CI-4+         ",VL210041,1000
,Truck  E11(E9) E7 ,MB 228.31                  JASO M355 DH-2   ,VL210042,200
,S. A. P. S.,"RENAULT VLD-3       VOLVO VDS-4.5       DEUTZ DQC II-10,  ",VL210043,50
,,MACK EO.S-4.5        CAT ECF-3      CUMMINS 20076/77/78,VL210044,20
,,,VL210129,5
,,ACEA E11(E9)           ACEA E7                        ,,
,VICONOL-  10W40   ,"API: CK-4, CJ-4, CI-4+         ",VL210037,1000
,Truck  E11(E9) E7 ,MB 228.31                  JASO M355 DH-2   ,VL210038,200
,S. A. P. S.,"RENAULT VLD-3       VOLVO VDS-4.5       DEUTZ DQC II-10,  ",VL210039,50
,,MACK EO.S-4.5        CAT ECF-3      CUMMINS 20076/77/78,VL210040,20
,,,,5
,,ACEA E11(E9)           ACEA E7                        ,,
,VICONOL-  10W30   ,"API: CK-4, CJ-4, CI-4+         ",VL210033,1000
,Truck  E11(E9) E7 ,MB 228.31                  JASO M355 DH-2   ,VL210034,200
,S. A. P. S.,"RENAULT VLD-3       VOLVO VDS-4.5       DEUTZ DQC II-10,  ",VL210035,50
,,MACK EO.S-4.5        CAT ECF-3      CUMMINS 20076/77/78,VL210036,20
,,,,
,,E8(E6)/E7/E11(E9) - CON FILTRO DE PARTICULAS - LOW SAPS,REFERENCIA,FORMATO
,,ACEA E8(E6)          ACEA E7          ACEA E11(E9)        ,,
,VICONOL-  10W40   ,"API: CJ-4, CI-4+, CK-4/SN     VOLVO VDS-4/VDS-3/CNG",VL210049,1000
,Truck  E11(E9) E7 E8(E6),MB 228.51  MB 228.31  MB 226.9    SCANIA L. ASH,VL210050,200
,S. A. P. S.,RENAULT VLD-3/VLD-2/ RXD/RGD     JASO DH-2  ,VL210051,50
,, MAN 3677/3477/3271-1       CAT ECF-3/2/1-a,VL210052,20
,,MACK EO-O Premium Plus/EO-N/EO-M Plus,VL210074,5
,,ACEA E8(E6)          ACEA E7          ACEA E11(E9)        ,,
,VICONOL-  10W30   ,"API: CJ-4, CI-4+, CK-4/SN     VOLVO VDS-4/VDS-3/CNG",VL210146,1000
,Truck  E11(E9) E7 E8(E6),MB 228.51  MB 228.31  MB 226.9    SCANIA L. ASH,VL210147,200
,S. A. P. S.,RENAULT VLD-3/VLD-2/ RXD/RGD     JASO DH-2  ,VL210148,50
,, MAN 3677/3477/3271-1       CAT ECF-3/2/1-a,VL210149,20
,,MACK EO-O Premium Plus/EO-N/EO-M Plus,VL210171,5
,,ACEA E8(E6)          ACEA E7          ACEA E11(E9)        ,,
,VICONOL-  5W30   ,"API: CJ-4, CI-4+, CK-4/SN     VOLVO VDS-4/VDS-3/CNG",VL210045,1000
,Truck  E11(E9) E7 E8(E6),MB 228.51  MB 228.31  MB 226.9    SCANIA L. ASH,VL210046,200
,S. A. P. S.,RENAULT VLD-3/VLD-2/ RXD/RGD     JASO DH-2  ,VL210047,50
,, MAN 3677/3477/3271-1       CAT ECF-3/2/1-a,VL210048,20
,,MACK EO-O Premium Plus/EO-N/EO-M Plus,VL210076,5
,,,,
,,E4/E8(E6)/E7/E11(E9) - CON FILTRO DE PARTICULAS - LOW SAPS,REFERENCIA,FORMATO
,,ACEA E4       ACEA E8(E6)       ACEA E7        ACEA E11(E9)        ,,
,VICONOL-  5W30   ,"API: CJ-4, CI-4+     VOLVO VDS-4",VL210053,1000
,Truck  E11(E9) E7 E8(E6) E4,MB 228.51  MB 228.31  MB 235.8    SCANIA L. ASH,VL210054,200
,S. A. P. S.,RENAULT VLD-3/VLD-2     JASO DH-2  ,VL210055,50
,, MAN 3677/3477/3271-1       CAT ECF-3,VL210056,20
,,MACK EO-O Premium Plus/EO-N/EO-M Plus,VL210075,5
,,ACEA E4       ACEA E8(E6)       ACEA E7        ACEA E11(E9)        ,,
,VICONOL-  10W40   ,"API: CJ-4, CI-4+     VOLVO VDS-4",VL210057,1000
,Truck  E11(E9) E7 E8(E6) E4,MB 228.51  MB 228.31  MB 235.8    SCANIA L. ASH,VL210058,200
,S. A. P. S.,RENAULT VLD-3/VLD-2     JASO DH-2  ,VL210059,50
,, MAN 3677/3477/3271-1       CAT ECF-3,VL210060,20
,,MACK EO-O Premium Plus/EO-N/EO-M Plus,VL210078,5
,,,,
,,E4/E7 - SIN FILTRO DE PARTICULAS - HIGH SAPS,REFERENCIA,FORMATO
,,ACEA E4          ACEA E7               ,,
,VICONOL-   5W30  ,API: CI-4+     VOLVO VDS-3,VL210025,1000
, Truck E7 E4      ,MB 228.5       SCANIA LDF-3       IVECO,VL210026,200
,,RENAULT VLD-2/RXD       MTU Type 3     DAF Extended Drain  E4,VL210027,50
,,MAN 3277       CAT ECF-3     DEUTZ DQC IV-10     MACK EO-N         ,VL210028,20
,,ACEA E4          ACEA E7               ,,
,VICONOL-   10W40  ,API: CI-4+     VOLVO VDS-3,VL210029,1000
, Truck E7 E4      ,MB 228.5       SCANIA LDF-3       IVECO,VL210030,200
,,RENAULT VLD-2/RXD       MTU Type 3     DAF Extended Drain  E4,VL210031,50
,,MAN 3277       CAT ECF-3     DEUTZ DQC IV-10     MACK EO-N         ,VL210032,20
,,,,
,,,,
,,API: FA4 - SIN FILTRO DE PARTICULAS - HIGH SAPS,REFERENCIA,FORMATO
,,API: FA-4 / SN,,
,VICONOL-  5W30 ,VOLVO VDS-5      MB 228.61       Cummins CES 20087,VL210021,1000
, Truck FA - 4        ,RENAULT VLD-5          MACK EOS-5         ,VL210022,200
,,JASO DH-2                   FORD VWSS-M2C214-B1,VL210023,50
,,,VL210024,20
,,API: FA-4 / SN,,
,VICONOL-  10W30 ,VOLVO VDS-5      MB 228.61       Cummins CES 20087,VL210017,1000
, Truck FA - 4        ,RENAULT VLD-5          MACK EOS-5         ,VL210018,200
,,JASO DH-2                   FORD VWSS-M2C214-B1,VL210019,50
,,,VL210020,20
,,,,
,,5W20 Y 0W20 - CON FILTRO DE PARTICULAS - MID SAPS,REFERENCIA,FORMATO
,,,VL210013,1000
,VICONOL-  5W20  ,MAN M3977,VL210014,200
,Truck  M3977,,VL210015,50
,,,VL210016,20
,,,,
,,,VL210150,1000
,VICONOL-  0W20  ,IVECO 18-1804 Classe TLV - LS ,VL210151,200
,Truck   IVC-1804,,VL210152,50
,MID SAPS,,VL210153,20
,,,,
,,SUPER SERIE III - SAE 30 Y SAE 40 - MINERAL,REFERENCIA,FORMATO
,,API: CF/SF,VL210061,1000
,HD,MB 228.0,VL210062,200
,VICONOL-   SAE 10W  ,MAN 270,VL210063,50
, SERIE 3     TO-2,MTU Type 1,VL210064,20
,,CAT TO-2            ALLISON C-3,,
,,API: CF/SF,VL210065,1000
,HD,MB 228.0,VL210066,200
,VICONOL-   SAE 30  ,MAN 270,VL210067,50
, SERIE 3     TO-2,MTU Type 1,VL210068,20
,,CAT TO-2            ALLISON C-3,VL210154,5
,,,,
,HD,API: CF/SF,VL210069,1000
,VICONOL-   SAE 40  ,MB 228.0,VL210070,200
, SERIE 3     TO-2,MAN 270,VL210071,50
,,MTU Type 1,VL210072,20
,,CAT TO-2            ALLISON C-3,VL210155,5
,,,,
,HD,API: CF/SF,VL210156,1000
,VICONOL-   SAE 50  ,MB 228.0,VL210157,200
, SERIE 3     TO-2,MAN 270,VL210158,50
,,MTU Type 1,VL210159,20
,,CAT TO-2            ALLISON C-3,VL210160,5
,,,,
,HD,API: CF/SF,VL210161,1000
,VICONOL-   SAE 60  ,MB 228.0,VL210162,200
, SERIE 3     TO-2,MAN 270,VL210163,50
,,MTU Type 1,VL210164,20
,,CAT TO-2            ALLISON C-3,,
,,,,
,HD,API: CF/SF,VL210165,1000
,VICONOL-   SAE 70  ,MB 228.0,VL210166,200
, SERIE 3     TO-2,MAN 270,VL210167,50
,,MTU Type 1,VL210168,20
,,CAT TO-2            ALLISON C-3,,
,,,,
,,ESPECIFICO PARA MOTORES DE GAS DE MAQUINA CATERPILLAR,REFERENCIA,FORMATO
,,"Caterpillar Energy Solutions GmbH,    ",VL210119,1000
,VICONOL-  SAE 30,"GE Jenbache,   TEDOM,   VWärtsilä ",VL210120,200
, GASMOTOR NGEO,"Waukesha, MTU MTL 5074,  RMB/Energie",VL210121,50
,,Dresser-Rand Guascor,VL210122,20
,,,,
,,"Caterpillar Energy Solutions GmbH,    ",VL210123,1000
,VICONOL-  SAE 40,"GE Jenbache,   TEDOM,   VWärtsilä ",VL210124,200
, GASMOTOR NGEO,"Waukesha, MTU MTL 5074,  RMB/Energie",VL210125,50
,,Dresser-Rand Guascor,VL210126,20
,,,,
,,ESPECIFICO PARA MAQUINARIA CATERPILLAR - MINERAL,REFERENCIA,FORMATO
,,ACEA  E7,,
,VICONOL-   15W40  ,API: CI-4/SN,VL210099,1000
, DEO ,CAT ECF-2         VOLVO VDS-3           MACK  EO-M Plus,VL210100,200
,,,VL210101,50
,,CUMMINS CES 20071/72/76,VL210102,20
,,ACEA  E11(E9)         ACEA  E7,,
,VICONOL-   10W30    ,API: CI-4+/SN,VL210091,1000
,ULS 9,"CAT ECF-3,ECF-2,ECF-1A       CUMMINS CES 20071/72/76/86",VL210092,200
,,,VL210093,50
,,Volvo Mack VDS STD 417-003            MACK  EO-M Plus,VL210094,20
,,,,
,,API: CF/CF-2,VL210103,1000
,VICONOL-   10W ,CAT TO-4,VL210104,200
, TDTO ,ALLISON C-4,VL210105,50
,,KOMATSU KES 07.868.1               ZF TE -ML 03C,VL210106,20
,,,,
,,API: CF/CF-2,VL210107,1000
,VICONOL-  30  ,CAT TO-4,VL210108,200
,TDTO ,ALLISON C-4,VL210109,50
,,KOMATSU KES 07.868.1         ZF TE -ML 03C/07F,VL210110,20
,,,,
,,API: CF/CF-2,VL210111,1000
,VICONOL-  50  ,CAT TO-4,VL210112,200
,TDTO ,ALLISON C-4,VL210113,50
,,KOMATSU KES 07.868.1            ZF TE -ML 03C/07F,VL210114,20
,,,,
,,,VL210115,1000
,VICONOL-   60 ,CAT FD-1,VL210116,200
, FD1,,VL210117,50
,,,VL210118,20
,,,,
,VEHÍCULOS   AGRÍCOLAS,,,
,,STOU - CARTER Y SISTEMA HIDRAULICO ,REFERENCIA,FORMATO
,,API:CF-4/CG-4/SF   ACEA E7   John Deere J27/J20C    MB 228.3,VL220004,1000
,VICONOL-  15W40   ,"API: GL 4, GL 5    DEUTZ DQC I-02    ZF TE-ML 06A, 06C, 06L, 07B",VL220005,200
,STOU  COMPLEX- M,"MASSEY FERGUSON CMS M 1145, 1144, 1143, 1139, 1135",VL220006,50
,,"CASE MS 1207, 1209, 1210, 1230   FORD M2C159B   CAT TO – 2",VL220007,20
,,MAN 271   NEW HOLLAND 82009201/2/3    SAE J306: SAE 80W-90,VL220008,5
,,AFNOR NFE 48603 HV    ALLISON C-4.    FENDT KDM 17/2012 ,,
,,API:CF-4/CG-4/SF   ACEA E7   John Deere J27/J20C    MB 228.3,VL220000,1000
,VICONOL-  10W40   ,"API: GL 4, GL 5    DEUTZ DQC I-02    ZF TE-ML 06A, 06C, 06L, 07B",VL220001,200
,STOU  COMPLEX- SM,"MASSEY FERGUSON CMS M 1145, 1144, 1143, 1139, 1135",VL220002,50
,,"CASE MS 1207, 1209, 1210, 1230   FORD M2C159B   CAT TO – 2",VL220003,20
,,MAN 271   NEW HOLLAND 82009201/2/3    SAE J306: SAE 80W-90,,
,,AFNOR NFE 48603 HV    ALLISON C-4.    FENDT KDM 17/2012 ,,
,,ACEA E11(E9)           ACEA E7                        ,VL220033,1000
,VICONOL-  10W30 ,"API: CK-4, CJ-4, CI-4+         FORD - WSS-M2C171-F1            MAN - M 3775",VL220034,200
,STOU  COMPLEX- E79,MB 228.31                  JASO M355 DH-2         DAF - Standard Drain   ,VL220035,50
,,"RENAULT VLD-3       VOLVO VDS-4.5       DEUTZ DQC II-10,  ",VL220036,20
,,MACK EO.S-4.5        CAT ECF-3      CUMMINS CES 20086,,
,,,,
,,UTTO -  SISTEMA HIDRAULICO FRENOS SUMERGIDOS,REFERENCIA,FORMATO
,,JOHN DEERE JDM J20C     API: GL 4(SAE 80W)      Caterpillar TO-2,VL220022,1000
,VICONOL-  10W30   ,"MÁSSEY FERG. M1143, M1145       KUBOTA UDT",VL220023,200
,UTTO  ,SAE J300: 10W-30      SAE J306     75W-80 SDFG OT 1891 A ,VL220024,50
,,Ford New Holland M2C-134D/CNH MAT 3525       Volvo VWB 101  ,VL220025,20
,,"FIAT, SAME, LANDINI     ALLISON C4      ZF TE-ML 03E, 05F, 17E,21F   ",VL220026,5
,,JI  CASE MS 1207 / MS1206 / MS1209 / MS1210 / MS 1230,,
,,JOHN DEERE JDM J20C     API: GL 4(SAE 80W)      Caterpillar TO-2,VL220013,1000
,VICONOL-  10W30   ,"MÁSSEY FERG. M1143, M1145       KUBOTA UDT",VL220014,200
,UTTO  PLUS,SAE J300: 10W-30      SAE J306     75W-80 SDFG OT 1891 A ,VL220015,50
,,Ford New Holland M2C-134D/CNH MAT 3525       Volvo VWB 101  ,VL220016,20
,,"FIAT, SAME, LANDINI     ALLISON C4      ZF TE-ML 03E, 05F, 17E,21F   ",VL220017,5
,,JI  CASE MS 1207 / MS1206 / MS1209 / MS1210 / MS 1230,,
,,JOHN DEERE JDM J20C      API: GL 4,VL220040,1000
,VICONOL-  10W30   ,"MÁSSEY FERG. M1143, M1145        Claas CVT       Valtra G2-08 (XT-60)",VL220041,200
,UTTO  SINTETICO,"CNH MAT 3540 (CVT), MAT 3525",VL220042,50
,M3540 - CVT,Ford New Holland M2C-134D           Fendt Vario,VL220043,20
,ULTRA," ZF TE-ML 06B, 06D, 06E, 06F, 06H, 06L, 06M, 06R, 06S ",VL220044,5
,,Same Deutz-Fahr (ZF 06D       AGCO CVT ML 200,,
,,JOHN DEERE JDM J20C      API: GL 4(SAE 80W-85)  Caterpillar TO-2,,
,VICONOL-  20W30   ,"MÁSSEY FERG. M1141, M1135       KUBOTA UDT     FENDT",VL220018,1000
,UTTO  PLUS,SAE J300: 20W-30      SAE J306     75W-80 SDFG OT 1891 A ,VL220019,200
,,Ford New Holland M2C-134D/CNH MAT 3525       Volvo VWB 101  ,VL220020,50
,,"FIAT, SAME, LANDINI     ALLISON C4      ZF TE-ML 03E, 05F, 17E,21F   ",VL220021,20
,,JI  CASE MS 1207 / MS1206 / MS1209 / MS1210 / MS 1230,,
,,,VL220009,1000
,VICONOL-  10W20  ,"  API: GL 4,   SAE 80W,    ",VL220010,200
,UTTO   UDT,"KUBOTA SUPER UDT,    KUBOTA UDT  ",VL220011,50
,,,VL220012,20
,,,,
,,,,
,,Aditivo sintético  especial ,,
,VICONOL-  ADITIV FOR CHIRD,para  cualquier sistema hidraúlico con frenos en baño de aceite,VL220031,1
,ADITIVO ANTICHIRRIDO  ,,,
,,,,
,,,,
,TRANSMISIONES MANUALES - VALVULINAS,,,
,,LSD PLUS - AUTOBLOCANTES - DESLIZAMIENTO LIMITADO,REFERENCIA,FORMATO
,,Limited  Slip,VL260082,1000
,TRANSMISIONES AUTOBLOCANTES,API GL-5     LSD,VL260083,200
,VICONOL-  SAE 75W140   ,FORD WSS-M2C192A,VL260084,50
,LSD  PLUS,VW G50/G51      MB 235.61    JOHN DEERE JDM J11G,VL260085,20
,,,,
,,Limited  Slip,VL260047,1000
,TRANSMISIONES AUTOBLOCANTES,API GL-5     LSD,VL260048,200
,VICONOL-  SAE 75W90   ,FORD WSS-M2C200-C/C2,VL260049,50
,LSD  PLUS,VW G50/G51,VL260050,20
,,,VL260051,5
,,,VL260103,1
,,,,
,,Limited  Slip,VL260042,1000
,TRANSMISIONES AUTOBLOCANTES,API GL-5     LSD,VL260043,200
,VICONOL-  SAE 80W90  ,ZF TE-ML 05C/07A/08/12C/21C,VL260044,50
, LSD  PLUS,MIL-L-2105,VL260045,20
,,,VL260046,5
,,,VL260086,1
,,Limited  Slip,,
,TRANSMISIONES AUTOBLOCANTES,API GL-5     LSD,VL260087,1000
,VICONOL-  SAE  90  ,ZF TE-ML 05C/07A/08/12C/21C,VL260088,200
, LSD  PLUS,MIL-L-2105,VL260089,50
,,,VL260090,20
,,,,
,,TRANSMISIONES MULTIGRADO SINTETICOS,REFERENCIA,FORMATO
,, API: GL-5                              API: GL-4       ,,
,VICONOL- FULL SINTEX  HC , Mack GO-J                           SAE J2360      ,VL260000,1000
,SAE 75W140 E.P., Ford WSL-M2C192A          Scania. STO 1:0    ,VL260001,200
,S45, MIL-PRF-2105E                  MAN 341 tipo Z-5         ,VL260002,50
,,   ,VL260003,20
,,,,
,,API: GL-5      API: GL-4       MB 235.8       MB 235.0,VL260004,1000
,VICONOL- FULL SINTEX  HC ,Mack GO-J         SAE J2360      VOLVO 97312,VL260005,200
,SAE 75W90 E.P.,MAN 341 Z2        MAN 342 S1         Ford WSL-M2C192A,VL260006,50
,S45,Scania. STO 1:0 STO 2:0 A FS        RENAULT Axles,VL260007,20
,,"ZF TE-ML 02B, 05A, 07A, 08, 12L, 12N, 16F, 17B, 19C, 21A  ",VL260008,5
,,DAF Transmissions       IVECO Axles &Transmissions,VL260009,1
,,,,
,VICONOL- FULL SINTEX  HC ,"API: GL-5      API: GL-4         MB 235.10, MB 235.4, MB 235.3",VL260014,1000
,SAE 75W80 E.P.,MAN 341 Z4                 PSA  B71 2330,VL260015,200
,S45,VOLVO 97305    Eaton Europe VOLVO 97307,VL260016,50
,,ZF TE-ML 01L/ 02D/ 02L/ 08/ 16K        MIL-PRF-2105,VL260017,20
,,DAF   IVECO    RENAULT (Transmissions),VL260018,5
,,,VL260019,1
,,,,
,VICONOL-  75W90 , API: GL-4       ,VL260091,1000
, S235.11,MB 235.11,VL260092,200
,,,VL260093,50
,,,VL260094,20
,,,,
,,,VL260095,1000
,,,VL260096,200
,VICONOL-  75W80  ,API: GL-4+,VL260097,50
,S4+   PS2315,PSA S. B71 2315     MB 235.28,VL260098,20
,,,VL260114,1
,,,,
,,,VL260010,1000
,,,VL260011,200
,VICONOL-  75W85  ,  API GL-4+       TOYOTA              MB 235.16,VL260012,50
,S4+  SIAT, HYUNDAI                 SUZUKI,VL260013,20
,,,VL260111,1
,,,,
,,,VL260099,1000
,VICONOL-  75W,  API GL-4        BMW: MTF LT-2 – BMW: MTF LT-3    ,VL260100,200
,S45  SIAT, FORD: WSS-M2C200-D2;    GM: MTF 0063;    NISSAN: LV MTF-1,VL260101,50
,,"VW: G 052 171 – VW: G 052 178, VW: G 052 512 – VW: G 052 726",VL260102,20
,,,VL260069,1
,,VW: G 052 798       MB 235.17      PSA: B71 9730 A8,,
,,,,
,,TRANSMISIONES MULTRIGRADOS MINERALES,REFERENCIA,FORMATO
,,,,
,,API: GL-5,VL260020,1000
,VICONOL-  MINGER ,VOLVO 97310,VL260021,200
,SAE 85W140 E.P.,DAF API GL-5          IVECO Axles,VL260022,50
, G5         ,MIL-L-2105 D          MACK GO-J             ,VL260023,20
,,ZF TE-ML 07A/08/16C/16D/21A,VL260024,5
,,,VL260165,1
,,,,
,,API: GL-5                          SAE J 2360,VL260033,1000
,,VOLVO 97310             MACK GO-J           ,VL260034,200
,VICONOL-  MINGER ,MAN 342 M2                   MB 235.20,VL260035,50
,SAE 80W90 E.P.,RENAULT Axles       DAF API GL-5      IVECO Axles,VL260036,20
, G5         ,ZF TE-ML 07A/08/16B/16C/17B/19B/21A ,VL260037,5
,,VOITH TURBO 132.00374400       MIL-L-2105 D,VL260038,1
,,,,
,,,VL260025,1000
,VICONOL-    80W140 ,API GL-4          MS 1317          NH600/TR    ,VL260026,200
,  G4     ,ZF TE-ML 05F   ZF TE-ML 21F    ,VL260027,50
,,,VL260028,20
,,,,
,,API GL-5               MIL-L 2105D           MB 235.0    ,VL260029,1000
,VICONOL-    85W90  ,ZF TE-ML 07A/08/16B/16C/17B/19B/21A ,VL260030,200
, G5         ,VOLVO 97310       DAF    VOLVO 97316 ,VL260031,50
,, MAN 342 Type M1             Voith 3.325-339     ,VL260032,20
,,,,
,,,VL260109,1000
,VICONOL-    80W85  ,"API GL-4      RENAULT Axle    FORD : WSS-M2C 86B ,WSS-M2C 86",VL260039,200
, G4         ,"MASSEY-FERGUSON : CMS M 1135 ,CMS M 1141    ",VL260040,50
,,CASE NEW HOLLAND : NEW HOLLAND : NH 420A     ,VL260041,20
,,MB 235.1,,
,,API GL-4                     MB 235.1   ,VL260104,1000
,VICONOL-    80W,ZF - TE-ML 17A           MIL-L 2105D    ,VL260105,200
,G4,MAN - 341 Typ E1      MAN - 341 Typ Z1       MAN - 341 Typ Z2,VL260106,50
,,,VL260107,20
,,,,
,,,,
,,TRANSMISIONES MONOGRADO MINERALES,REFERENCIA,FORMATO
,,,,
,,,VL260060,1000
,VICONOL-  MINGER ,API: GL-5                ,VL260061,200
,SAE 140 E.P.,,VL260062,50
,,,VL260063,20
,,,VL260064,5
,,,,
,,,,
,,API: GL-5     API: GL-4          MB 235.0   MB 235.1,VL260168,1000
,VICONOL-  MINGER ,DAF Transmissions                    MAN 342 M1      ,VL260070,200
,SAE 90 E.P.,IVECO Transmissions                VW 726   VW 727,VL260071,50
,,RENAULT Transmissions            VOLVO 97310,VL260072,20
,,,VL260073,5
,,,VL260108,1
,,ZF TE ML-05A/07A/08/16B/16C/17B/19B /21A       ,,
,,,VL260078,1000
,VICONOL-    SAE 80,API GL-4          RENAULT Transmissions          ,VL260079,200
,,VW 726          ZF TE-ML 08/17A         IVECO Transmissions                     ,VL260080,50
,,DAF Transmissions           MB 235.1       ,VL260081,20
,,,,
,,API GL-4          RENAULT Transmissions          ,VL260074,1000
,VICONOL-    SAE 85,VW 726          ZF TE-ML 08/17A         IVECO Transmissions                     ,VL260075,200
,,DAF Transmissions           MB 235.1       ,VL260076,50
,,,VL260077,20
,,,,
,,,VL260065,1000
,,API GL-4                 MB 235.1       ,VL260066,200
,VICONOL-    SAE 110,VW 726          ZF TE-ML 16A/17A/19A         IVECO Transmissions                     ,VL260067,50
,,,VL260068,20
,,,,
,,,VL260056,1000
,VICONOL-    SAE 190,API: GL-4         MB 235.1         VW726     DIN 51517 Part 3-CLP,VL260057,200
,,ZF TE-ML 16A/17A/19A        IVECO Transmissions       ,VL260058,50
,, RENAULT Transmissions          DAF Transmissions   ,VL260059,20
,,,,
,,,VL260052,1000
,VICONOL-    SAE 250,API: GL-4           DIN 51517 Part 3-CLP,VL260053,200
,,,VL260054,50
,,,VL260055,20
,,,,
,,,,
,TRANSMISIONES AUTOMATICAS - ATF'S,,,
,,GAMA ATF'S,REFERENCIA,FORMATO
,,DEXRON III H  MITSUBISHI SP-II/SP-III   JASO M315-2004 CLASS 1A-03,VL250018,1000
,VICONOL-  ATF  ,TOYOTA T-II/T-IV FORD MERCON  DAIHATSU AMMIX ATF D-II MULTI,VL250019,200
,UNIGLOBAL,DAIHATSU AMMIX ATF D-III MULTI  SUBARU ATF Matic J  HONDA Z-1,VL250020,50
,,CHRYSLER ATF +3/+4  ALLISON C-4  NISSAN MATIC-D/J/K  HONDA Z-1,VL250021,20
,,SUZUKI ATF 3317  SUBARU CVT (SUBARU ECVTF specified),VL250022,5
,,HONDA CVT (HONDA Z-1 specified) NISSAN CVT (MATIC-D specified) ,VL250023,1
,,MITSUBISHI CVT (MITSUBISHI SP-III specified),,
,,JASO M315 1A   Toyota CVTF TC / CVTF FE    Nissan NS-1 / NS-2 / NS-3,VL250024,1000
,VICONOL-  ATF ,Honda HMMF / HCF2     Mitsubishi SP-III / CVTF-J1 / J4 / J4+,VL250025,200
, CVT, Subaru ECVT / iCVT / FG / NS-2    Mazda JWS 3320     Audi Multitronic,VL250026,50
,,Daihatsu Ammix CVT / CVTF / TC  Suzuki CVTF / NS-2 / CVT Green 1 & 2,VL250027,20
,,Hyundai / Kia CVT-J1 / SP-III     Chrysler / Jeep / Dodge NS-2 / CVT +4 ,VL250029,1
,,Mini Cooper EZL 799 / 799A     VW G 052 516 / G 052 180 A2,,
,,,,
,,MB 236.21 / 236.24 / 236.25     MITSUBISHI SSTF-I    PSA 9734.S2,VL250030,1000
,VICONOL-  ATF   ,VW TL 052 182 / TL 052 529     PORSCHE 999.917.080.00,VL250031,200
,  DCT-DSG,FORD WSS-M2C-936-A     VOLVO 1161838 1161839,VL250032,50
,,BMW 83 222 148 578 / 83 222 148 579,VL250033,20
,,BMW  83 220 440 214 / 83 222 147 47,VL250034,1
,,,,
,,GM DEXRON  VI FORD MERCON LV  FORD WSS-M2C-938-A ,,
,,"JASO M315 1A-LV Aisin Warner JWS 3309 (T-IV) & JWS 3324 (WS), AW-1",,
,,Audi 5 HP LT71141 BMW JWS 3309 (T-IV) BMW LA2634,,
,,BMW ETL-8072B BMW LT 71141 (ZF 5 HP 18FL/19FL/24A),,
,,"Chrysler/Dodge MOPAR AS 68 RC (T-IV), JWS 3309 ",VL250012,1000
,VICONOL-  ATF  ,"FIAT T-IV type, JWS 3309  Ford FNR5 (Mazda M5, XT-9- QMM5) ",VL250013,200
,  DX/VI,"Honda ATF-Z1 (except in CVTs)    DW-1Hyundai/Kia SP-III, SP-IV",VL250014,50
,,Hyundai/Kia SP-IV M (SP4-M) Hyundai/Kia SP-IV-RR,VL250015,20
,,"Nissan Matic Fluid C, D, J, K, S     ISUZU BESCO ATF-II, ATFIII, ATF SP ",VL250016,5
,,"Jaguar ATF 3403-M115  Jaguar ATF LT71141, ZF 5HP24 ",VL250017,1
,,"Jaguar ATF 3403, JLM20238  Mazda ATF M-III, M-V   MB 236.41",,
,,"Mitsubishi Diaqueen SK, SP-II, SP-III   Mitsubishi Diaqueen ATF-MA1",,
,,Opel/GM 19 40 700 / 767  Opel/GM 21005966 Transaxle ,,
,,Opel/GM 22 17466   Opel/GM 88900925  Opel/GM 9986195 ,,
,,Peugeot ZF 4HP20   Peugeot/Citroen (PSA) AL4 Automatic gearbox oil ,,
,,"Porsche ZF 5HP19FL, ZF 5HP20, LT71141  Porsche ATF 3403-M115",,
,, Porsche T-IV (JWS 3309)  Porsche T-IV (JWS 3309) Saab T-IV (JWS 3309) ,,
,,"Saab 93 165 147  Subaru ATF, ATF 5AT, ATF HP Suzuki ATF 2326",,
,,"Toyota ATF D-II, D-III   Toyota ATF T-III, T-IV  Toyota ATF WS",,
,,"Volvo CE 97340  VW 5 HP (ZF 5 HP 30)  VW 5HP (18FL, 30)",,
,,"VW 5HP (19FL, 24A) VW G 055 025 A2 (JWS 3309)",,
,,"VW G 055 162-A2, A6 (ZF LifeguardFluid 6 Plus)      VW TL 521 62",,
,,VW G 060 162- A2 (ZF LifeguardFluid 8),,
,,VW G 052 162 (ZF LifeguardFluid 5) ,,
,,"ZF 8 speed transmissions, 9 speed transmissions ",,
,,"ZF TE-ML 05L, 09, 11A, 11B, 21L",,
,,"GM DEXRON III H     MAN 339 V-2 / 339 Z-2, Z-11 / 339 L-1",VL250006,1000
,VICONOL-  ATF  ,"MB 236.6, MB 236.9       ZF TE-ML 03D/04D/14B/17C/20B/25B",VL250007,200
,DX/III-H,"ALLISON TES 295, TES 389        ALLISON C-4",VL250008,50
,,FORD MERCON V      VOITH 55.6336,VL250009,20
,, VOLVO Transmission Oil 97341,VL250010,5
,,,VL250011,1
,,,,
,,GM DEXRON II D,VL250000,1000
,VICONOL-  ATF  ,MB 236.9 ,VL250001,200
,DX/II-D,MAN 339 V-1/339 Z-1/339 L-2 ,VL250002,50
,,VOITH H55.6335   ALLISON C4,VL250003,20
,,ZF TE-ML03D/04D/11A/17C,VL250004,5
,,,VL250005,1
,,GM DEXRON F,,
,VICONOL-  ATF  ,Ford ESW - M2C 33-F,VL250080,1000
,DX/M2C33-F, ALLISON C4,VL250081,200
,,,VL250082,50
,,,VL250083,20
,,,,
,,,,
,TRANSMISIONES AUTOMATICAS - ATF'S  -   ESPECIFICOS,,,
,,GAMA ATF'S,REFERENCIA,FORMATO
,,,,
,VICONOL-  ATF  ,Especialmente desarrollado para transmisiones de doble embrague GETRAG /,VL250060,1000
,SC-42    FL-4,BMW con embrague húmedo.,VL250061,200
,  DCTF,GETRAG (PWA05043),VL250062,50
,GETRAG/BMW,"BMW 83 22 0 440 214,  BMW 83 22 2 147 477,  BMW 83 22 2 148 578",VL250063,20
,,"BMW 83 22 2 148 579,  BMW 83 22 2 446 673,  McLaren: MP4-12C",,
,,"MITSUBISHI DIA QUEEN SSTF-1,     PSA 9734 S2,     VOLVO 1161838",,
,,,,
,VICONOL-  ATF  ,,VL250064,1000
,SC-42    FL-2,Especialmente desarrollado para transmisiones de doble embrague ,VL250065,200
,  DCT-DSG,   DCT-DSG   Audi y Volkswagen.,VL250066,50
,Audi / Volkswagen,"Audi/Volkswagen G 052 182 A2,    TL 521 82,    G 052 182 A6",VL250067,20
,,"Jetta,   EOS, etc.",,
,,,,
,VICONOL-  ATF  ,MB 236.24,VL250068,1000
,SC-42    M236.24,Especialmente desarrollado para transmisiones de doble embrague ZF /,VL250069,200
,  DCTF, Porsche con embrague húmedo.,VL250070,50
,ZF/Porsche,ZF TE-ML 11 (ZF004742)                   PORSCHE 999 917 080 00,VL250071,20
,,"BMW 83 22 2 156 969 (MTF-LT-5),     BMW 83 22 2 167 666 (MTF-LT-5)",,
,,JAGUAR LAND ROVER GX73-M1R564-AA,,
,,,VL250072,1000
,VICONOL-  ATF  ,MB 236.22,VL250073,200
,SC-42    M236.22,Desarrollado especialmente para transmisiones de doble embrague,VL250074,50
,  DCTF, de 8 velocidades Mercedes-Benz con embrague húmedo.,VL250075,20
,,,,
,,,VL250035,1000
,VICONOL-  ATF  ,MB 236.17 ( valido para la antigua MB 236.16) ,VL250036,200
,SC-42    M236.17  ,MB 9 velocidades NAG-3 Transmissions,VL250037,50
,,,VL250038,20
,, MB 9-G Tronic   9-G Tronic plus,VL250039,1
,,,,
,,,VL250050,1000
,VICONOL-  ATF,MB 236.15,VL250051,200
,  A-43   M236.15   ,"MB 7 velocidades NAG-2 Transmissions,   7-G Tronic Plus",VL250052,50
,,,VL250053,20
,,,VL250054,1
,,,,
,,MB 236.14        MB 236.12,VL250056,1000
,VICONOL-  ATF,"A 001 989 45 03, A 001 989 68 03",VL250057,200
, R-66    M236.14,SSANG YONG (MBAUTOMATIC TRANSMISSIONS),VL250058,50
,,"MB 7 velocidades NAG-2 Transmissions,     AMG,      MB  RWD 5V",VL250059,20
,,,VL250085,1
,, Allison TES-295  ,,
,VICONOL-  ATF TS 295, Allison TES-468,VL250076,1000
,73.168-R, MB 236.91,VL250077,200
,,ZF TE-ML 04D/ 14C/ 16M/ 20C,VL250078,50
,, Voith Turbo H55.633639,VL250079,20
,,Voith Turbo DIWA -013 y 118 ,,
,,,,
,,,,
,TRANSMISIONES AUTOMATICAS - ATF'S  -   Lifeguard Fluid  Z 5-6-8-9 ,,,
,,ATF'S ESPECIFICOS - GAMA NUEVA,REFERENCIA,FORMATO
,,BMW 81 22 9 400 272 / 275     BMW 83 22 0 403 248,,
,VICONOL-  Lifeguard Fluid Z5 ,BMW 83 22 9 407 738 / 807 / 858 / 859,VL250150,1000
,72.188-SC,FORD MERCON V         OPEL 19 49 707,VL250151,200
,,MAN 339 Tipo Z3        VOVLO 97341,VL250152,50
,,VW TL 521 62 (G 052 162),VL250153,20
,,"ZF TE-ML 02F, 11B, 14C    ZF 5HP",,
,,"ATF 6 HP, ZF 6HP21, ATF M1375.4, MERCON SP XT-6-QSP",,
,VICONOL-  Lifeguard Fluid Z6 ,BMW 83220142516     BMW 83220397114    CHRYSLER 68157995AA,VL250160,1000
,,AML 4G4319A509/AA/S     Bentley PY112995PA    ,VL250161,200
,76.182-SC,"M.1375-4 VW G 055 005       ZF TE-ML 02F, 11B, 14C",VL250162,50
,,"Audi / VW G 055005 A1, G 055005 A2, G 055005 A6   Maserati 231603",VL250163,20
,,Hyundai 040000C90SG    Jaguar Fluid 8432    Land Rover TYK500050,VL250164,1
,,"VW/AUDI, ZF S671 090 252/3/5   ZF 6HP19",,
,,ZF LIFGUARD FLUID 8HP    JAGUARD 02JDE26444      FIAT 9.55550AV5,,
,ATF 3+,6HP19A - MPL       6HP19X - for Audi Q7     6HP28AF    ,VL250170,1000
,VICONOL-  Lifeguard Fluid Z8 ,"8HP45, 8HP55A, 8HP70, 8HP90, 8HP90A       ATF L 12108",VL250171,200
,76.185-V,Audi (G060162 A1 / A2 /A6 ATF)        BMW (8322 2152426),VL250172,50
,,CHRYSLER 68157995AA       LAND ROVER LR023288/89,VL250173,20
,,BMW ATF 3+ 83 22 2 305 397 (bis 02.2013 83 22 2 152 426),VL250174,1
,,"Audi / VW ATF G 060162 A1 , G 060162 A2, G 060162 A6",,
,,ZF LIFGUARD FLUID 9HP   ,,
,VICONOL-  Lifeguard Fluid Z9,BMW ATF 3+ (83 22 2 289 720),VL250180,1000
,56.185-A,"Honda ATF-Tipo 3.1 (08263-999-01HE (UE), 08200-9017",VL250181,200
,,"ZF 9HP 48QXR,  ZF 9HP48QXO,  ZF 9HP48QX,   ZF 9HP48Q,  ZFHP50 ",VL250182,50
,,"Para LF Z8(ZF 8HP65APH,  ZF 8P75PH,  ZF 8HP75XPH)",VL250183,20
,,"Honda o Acura, Chrysler , Fiat , Opel ",VL250184,1
,," Jeep , Dodge , Land Rover y Jaguar",,
,,,,
,,CHF - LHM,REFERENCIA,FORMATO
,,,,
,Sistema Hidraulico Central,FORD WSS-M2C204-A     CHRYSLER MS-11655B     MAN M 3289,VL250045,1000
,Fluido Direccion Asistida,MB 345.0    PSA S71 2710    ZF TE-ML 02K (ZF004744),VL250046,200
,VICONOL-  CHF,VW TL 52 146 (G 002 000)   BMW 81 22 9 407 758,VL250047,50
,19 320-V,BMW 82 11 1 468 041   BMW 83 29 0 429 576   OPEL B 040 0070,VL250048,20
,,IVECO 18-1807 CLASSE APU     PORSCHE 000 043 203 33,VL250049,1
,,SAAB 3032 380     VOLVO 1161529    FENDT X 902 011 622,,
,,,VL200195,1000
,VICONOL-  LHM,  ISO 7308     ,VL200196,200
,18 170-V,  UNE 26-090-88,VL200197,50
,,,VL200198,20
,,,VL200199,1
,,,,
,,,,
,GAMA MOTO,,,
,,MOTORES 4 TIEMPOS,REFERENCIA,FORMATO
,,,,
,,,VL230061,1000
,VICONOL-  10W60   ,API SN ,VL230062,200
,MOTOSINT - 4T,JASO T 903:2011 MA2,VL230063,50
,,,VL230064,20
,,,VL230065,1
,,,,
,,,VL230004,1000
,,,VL230005,200
,VICONOL-  15W50   ,API SN ,VL230006,50
,MOTOSINT - 4T,JASO T 903:2011 MA2,VL230007,20
,,,VL230008,1
,,,,
,,,VL230009,1000
,,,VL230010,200
,VICONOL-  10W40 ,API SN ,VL230011,50
, MOTOSINT - 4T,JASO T 903:2011 MA2,VL230012,20
,,,VL230013,1
,,,,
,,,VL230014,1000
,VICONOL-  10W30 ,API SN ,VL230015,200
, MOTOSINT - 4T,JASO T 903:2011 MA2,VL230016,50
,,,VL230017,20
,,,,
,,,VL230053,1000
,VICONOL-  5W30   ,API SN ,VL230054,200
,MOTOSINT - 4T,JASO T 903:2011 MA2,VL230055,50
,,,VL230056,20
,,,,
,,,VL230019,1000
,VICONOL-  5W40   ,API SN ,VL230020,200
,MOTOSINT - 4T,JASO T 903:2011 MA2,VL230021,50
,,,VL230022,20
,,,,
,,,VL230057,1000
,VICONOL-  0W30   ,API SN ,VL230058,200
,MOTOSINT - 4T,JASO T 903:2011 MA2,VL230059,50
,,,VL230060,20
,,,,
,,,VL230000,1000
,VICONOL-  20W50  ,API SN ,VL230001,200
, MOTOMIN - 4T,JASO T 903:2011 MA2,VL230002,50
,,,VL230003,20
,,,,
,,,,
,,ESPECIFICO HORQUILLAS,REFERENCIA,FORMATO
,,,VL230043,1000
,VICONOL-  SAE 5W  ,DIN 51524 Parte 2,VL230044,200
, HORQUIM,Fluido especifico para Horquillas de moto,VL230045,50
,,,VL230046,20
,,,,
,,,VL230047,1000
,VICONOL-  SAE 10W   ,DIN 51524 Parte 2,VL230048,200
, HORQUIM,Fluido especifico para Horquillas de moto,VL230049,50
,,,VL230050,20
,,,VL230051,1
,,,,
,,MOTORES 2 TIEMPOS,REFERENCIA,FORMATO
,,,VL230033,1000
,VICONOL- MOTOSINT - 2T,API TC,VL230034,200
,SINTETICO,JASO M345 FD ,VL230035,50
,,Aprilia DFI ,VL230036,20
,,,VL230037,5
,,,VL230038,1
,,ISO-L-EGD       TISI,VL230052,"0,125"
,,,,
,,,VL230023,1000
,VICONOL -  MOTOSINT  2T  -  PAOTER,JASO M345 FD - ISO/L/EGD,VL230024,200
,100% SINTETICO,API: TC - TISI,VL230025,50
,,,VL230026,20
,,,VL230027,1
,,,,
,,,VL230039,1000
,VICONOL-  MOTOMIN - 2T,JASO M345 FB - API: TC,VL230040,200
,MINERAL,,VL230041,50
,,,VL230042,20
,,,,
,GAMA NAUTICA,,,
,,MEZCLA EN MOTORES DE MOTOS DE 4T Y 2T - FUERA BORDA,REFERENCIA,FORMATO
,,,VL240004,1000
,VICONOL  MARSINT  4T  ,NMMA  FC - W       FC-729793Y (CAT),VL240005,200
, OUTBOARD  10W30,API: SN,VL240006,50
,,,VL240007,20
,,,,
,,,VL240050,1000
,VICONOL  MARSINT  4T  ,NMMA  FC - W       FC-729793Y (CAT),VL240051,200
, OUTBOARD  10W40,API: SN,VL240052,50
,NEW,,VL240053,20
,,,,
,,,,
,VICONOL-  MARSINT  2T,NMMA TC-W3,VL240001,200
, W3 ,,VL240002,50
,,,VL240003,20
,,,VL240010,1
,,,,
,VICONOL  MARSINT  4T  ,,VL240055,1000
, 10W40,JASO  MA2,VL240056,200
, JET SKI - VNM  10W40,API: SP,VL240057,50
,Vehiculo Nautico a Motor,,VL240058,20
,NEW,,,
,,,,
,,,,
,,,,
,VICONOL  MARMIN-150  4T  ,API CI-4 / CH-4 / SL,VL240011,1000
,MARINO  15W40,ACEA E7/E5              MTU Type 2,VL240012,200
,150  TBN,Caterpillar ECF-1-a y ECF-2,VL240013,50
,,,VL240014,20
,,,,
,VICONOL  MARMIN-150  4T  ,API CI-4 / CH-4 / SL,VL240015,1000
,MARINO  40,ACEA E7/E5              MTU Type 2,VL240016,200
,150  TBN,Caterpillar ECF-1-a y ECF-2,VL240017,50
,,,VL240018,20
,,,,
,VICONOL  MARMIN-250  4T  ,API CI-4 / CH-4 / SL,VL240019,1000
,MARINO  15W40,ACEA E7/E5              MTU Type 2,VL240020,200
,250  TBN,Caterpillar ECF-1-a y ECF-2,VL240021,50
,,,VL240022,20
,,,,
,VICONOL  MARMIN-250  4T  ,API CI-4 / CH-4 / SL,VL240023,1000
,MARINO  40,ACEA E7/E5              MTU Type 2,VL240024,200
,250  TBN,Caterpillar ECF-1-a y ECF-2,VL240025,50
,,,VL240026,20
,,,,
,,,,
,GRASAS   ,,,
,,GAMA GRASA,REFERENCIA,FORMATO
,,GRASA CALCICA DE EXTREMA PRESION,VL9100180,180
,VICONOL-  GRATECH   CALCIUM  ,DIN 51825 K 2G-20,VL9100045,45
,GRASA CALCICA,RESISTENDE AL AGUA,VL9100018,18
,NLGI-2,Temperatura de trabajo -15ºC.a 110ºC,VL9100005,5
,      COLOR= MARRON,,VL9100004,"0,4"
,,GRASA MULTIPURPOSE,,
,VICONOL-  GRATECH LITIUM 2,DIN 51825 KP 2K-20,VL9200180,180
,GRASA   LITICA  EP.,EXTREMA PRESION,VL9200045,45
,NLGI-2,Temperatura de trabajo -20ºC.a 125ºC,VL9200018,18
,  COLOR= VERDE,,VL9200005,5
,,,VL9200004,"0,400"
,,,,
,VICONOL-  GRATECH LITIUM 00,GRASA DE LITIO PARA SISTEMAS DE ENGRASE CENTRALIZADOS,VL9300045,45
,GRASA DE LITIO PARA SISTEMAS ,DIN 51502 GP 00G-20,VL9300018,18
, CENTRALIZADOS,ENGRASE CENTRALIZADOS,VL9300005,5
,NLGI-00,Temperatura de trabajo -20ºC.a 120ºC,,
,  COLOR= VERDE,,,
,,GRASA COMPLEJA  DE  LITIO  E.P.-  AZUL ADHERENTE,VL9400180,180
,VICONOL-  GRATECH COMPLEX  LITIUM,DIN 51825 KP 2N-20,VL9400045,45
,GRASA COMPLEJA  DE  LITIO,Caterpillar MPGL,VL9400018,18
,NLGI-2,Temperatura de trabajo -25ºC.a 165ºC,VL9400005,5
,  COLOR= AZUL,,VL9400004,"0,4"
,,,,
,,,,
,VICONOL-  GRATECH  ,"GRASA EXTREMA PRESION NEGRA, Molibdeno y Grafito",VL9500180,180
,MOLIB-GRAF,DIN 51825 KPF 2K-20,VL9500045,45
,DISULFURO DE MOLIBDENO,Buena resistencia al agua,VL9500018,18
,CON GRAFITO,Muy buena resistencia a las cargas de choque,VL9500005,5
,NLGI-2,Temperatura de trabajo -20ºC.a 170ºC,VL9500004,"0,400"
,  COLOR= NEGRO,,,
,VICONOL-  GRATECH ,GRASA COMPLEJA DE SULFONATO DE CALCIO  ,VL9600180,180
,COMPLEX  CALCIUM  ,Excelente resistencia al agua,VL9600045,45
,GRASA COMPLEJA DE,DIN 51825 KP 2N-10,VL9600018,18
, SULFONATO DE CALCIO,Temperatura de trabajo -30ºC.a 150ºC,VL9600005,5
,NLGI-2       COLOR= AZUL,,VL9600004,"0,400"
,,,,
,   VICONOL- GRATECH MARINE,GRASA EXTREMA PRESION  ESPECIAL  MARINA,VL9700018,18
,Grasa Especial Marina E.P.,DIN 51825 KP 2N-10,VL9700005,5
,NLGI-2,Temperatura de trabajo -15ºC.a 110ºC,,
,   COLOR= AZUL,,,
,   VICONOL- CUGRAS,GRASA EXTREMA PRESION  -  ANTIGRIPANTE,VL9800045,45
,ALTAS TEMPERATURAS,DIN 51825 KP 2N-10,VL9800018,18
,Grasa de Cobre,Temperatura de trabajo -35ºC.a 1110ºC,VL9800005,5
,NLGI-2       COLOR= COBRE,,VL9800004,"0,4"
,,,,
,,GAMA ATOXICA - MEDICINAL,REFERENCIA,FORMATO
,,ATOXICA - MEDICINAL            Categoría Code H1  -   NSF,,
,  VICONOL- GRASA MEDICINAL / ATOXICA,DIN 51825 K 2G-20,VL9910045,45
,GRASA MEDICINAL / BLANCA ATOXICA,ISO 6743/9             ISO-L-XBBIA-2,VL9910018,18
,ALUMINIO,,VL9910005,5
,,,,
,,,VL9920045,45
,VICONOL- GRATECH ALTEMP-10,GRASA  ESPECIAL PARA ALTAS TEMPERATURAS  E.P.,VL9920018,18
,ALTAS TEMPERATURAS,,VL9920005,5
,Poliurea Sintetica,,,
,NLGI-2,,,
,,,VL9930045,45
,VICONOL- GRATECH BAIXTEMP-16,GRASA  ESPECIAL PARA BAJAS TEMPERATURAS  E.P.,VL9930018,18
,BAJAS TEMPERATURAS,,VL9930005,5
,SINTETICA,,,
,NLGI-2,,,
,,,VL9940045,45
,VICONOL- GRATECH ALTREVOL-14,GRASA  ESPECIAL PARA ALTAS REVOLUCIONES  E.P.,VL9940018,18
,ALTAS  REVOLUCIONES,,VL9940005,5
,NLGI-2,,,
,,,,
,,,,
,,,VL9950045,45
,VICONOL -   GRASA MULTIUSOS ,,VL9950018,18
,TRATAMIENTO ANTIFRICCION,(Cajas de 12 unidades x 400 ml),VL9950005,5
,ALTO RENDIMIENTO,,VL9950004,"0,4"